{"IdleLeft":{"Frame0":[1.0,641.0,641.0,1.0],"NumFrames":1,"Repeating":true,"SecsPerFrame":2.0},"IdleRight":{"Frame0":[643.0,641.0,1283.0,1.0],"NumFrames":1,"Repeating":true,"SecsPerFrame":2.0},"WalkLeft":{"Frame0":[1285.0,641.0,1925.0,1.0],"Frame1":[1927.0,641.0,2567.0,1.0],"Frame2":[2569.0,641.0,3209.0,1.0],"Frame3":[3211.0,641.0,3851.0,1.0],"NumFrames":4,"Repeating":true,"SecsPerFrame":0.11999999731779099},"WalkRight":{"Frame0":[3853.0,641.0,4493.0,1.0],"Frame1":[4495.0,641.0,5135.0,1.0],"Frame2":[5137.0,641.0,5777.0,1.0],"Frame3":[5779.0,641.0,6419.0,1.0],"NumFrames":4,"Repeating":true,"SecsPerFrame":0.11999999731779099}}